{"player": {"name": "Person", "nameColor": "\u001b[0;37;40m", "lv": 4, "money": 0, "exp": 0, "mana": 100, "item_amount": 0, "inventory": ["Empty", "Empty", "Empty", "Empty", "Empty", "Empty", "Empty", "Empty", "Empty", "Empty", "Empty", "Empty"], "party": ["edward", "jose"], "has_magic": false, "effects": [], "specials": null, "base_hp": 69, "base_atk": [20, 25], "base_defn": 10, "hp": 69, "atk": 20, "defn": 10}, "edward": {"name": "Edward", "nameColor": "\u001b[38;5;13m", "lv": 1, "base_hp": 80, "hp": 80, "base_atk": [20, 30], "atk": 20, "base_defn": 20, "defn": 20, "has_magic": true, "spells": {"aid enemy": {"name": "AID Enemy", "hp": 0, "atk": [3, 10], "atk_raise": 0, "defn": 0, "offensive": true, "partyWide": false, "lingers": true, "turns": -1, "base_turns": -1, "randomized": false, "mana_cost": 20, "desc": "Gives the target AIDs, it lingers permanently. Like the real AIDS! (Because it IS the real AIDS.)"}, "death": {"name": "death", "hp": 0, "atk": [696969, 696969], "atk_raise": 0, "defn": 0, "offensive": true, "partyWide": false, "lingers": false, "randomized": true, "chance": [1, 128], "threshold": 74, "mana_cost": 100, "desc": "There's a \u001b[1;35;40mrandom chance \u001b[0;37;40mthat this spell \u001b[0;31;40minstantly kills the enemy\u001b[0;37;40m. \u001b[1;35;40mHowever, the chance is very slight\u001b[0;37;40m."}}}, "jose": {"name": "Jose", "nameColor": "\u001b[1;34;40m", "lv": 1, "base_hp": 90, "hp": 90, "base_atk": [35, 40], "atk": 35, "base_defn": 25, "defn": 25, "has_magic": false, "specials": {"fuss_you": {"name": "fuss You", "atk": [0, 0], "lingers": true, "turns": 6, "base_turns": 6, "randomized": false, "mana_cost": 80, "desc": "Jose punches the enemy HARD. Somehow harmless, but \u001b[1;34;40mlowers enemy's DEFN \u001b[1;33;40mfor a few turns\u001b[0;37;40m."}, "fuss_you_ii": {"name": "fuss You: part II", "atk": [32, 32], "lingers": false, "randomized": false, "mana_cost": 50, "desc": "Jose kicks the enemy's ass. Literally."}}}, "aidan": {"name": "Aidan", "nameColor": "\u001b[38;5;49m", "lv": 1, "base_hp": 60, "hp": 60, "base_atk": [10, 15], "atk": 10, "base_defn": 15, "defn": 15, "has_magic": true, "spells": {"heal prayer": {"name": "Heal Prayer", "hp": 25, "atk": [0, 0], "atk_raise": 0, "defn": 0, "offensive": false, "partyWide": false, "lingers": false, "randomized": false, "mana_cost": 25, "desc": "Yes, stolen from DELTARUNE."}, "safe guard": {"name": "Safe Guard", "hp": 0, "atk": [0, 0], "atk_raise": 0, "defn": 10, "offensive": false, "partyWide": true, "lingers": true, "turns": 6, "base_turns": 6, "randomized": false, "mana_cost": 32, "desc": "\u001b[1;34;40mRaises entire party's DEFN \u001b[0;37;40mfor a few turns."}}}, "louis": {"name": "Louis", "nameColor": "\u001b[38;5;160m", "lv": 1, "base_hp": 80, "hp": 80, "base_atk": [15, 25], "atk": 15, "base_defn": 25, "defn": 25, "has_magic": false, "specials": {"slam_dunk": {"name": "Slam Dunk", "atk": [5, 10], "lingers": true, "turns": 6, "base_turns": 6, "randomized": false, "mana_cost": 50, "desc": "Louis slams dunks the enemy into a big metal sink, \u001b[1;33;40mstuns opponent \u001b[1;34;40mbut raises their DEFN\u001b[0;37;40m."}, "literally do nothing": {"name": "literally do nothing", "atk": [0, 0], "lingers": false, "randomized": false, "mana_cost": 0, "desc": "Louis literally does nothing for the low, low price of free!"}}}, "monkey": {"name": "Monkey", "nameColor": "\u001b[1;31;40m", "base_hp": 80, "hp": 80, "base_atk": [12, 18], "atk": 12, "base_defn": 15, "defn": 15, "exp": [64, 64], "money": [4, 8], "effects": []}, "dry almond": {"name": "Dry Almond", "nameColor": "\u001b[0;31;40m", "base_hp": 90, "hp": 90, "base_atk": [15, 20], "atk": 10, "base_defn": 10, "defn": 10, "exp": [16, 25], "money": [8, 16], "effects": []}, "aladron": {"name": "Aladron", "nameColor": "\u001b[0;31;40m", "base_hp": 256, "hp": 256, "base_atk": [32, 40], "atk": 32, "base_defn": 0, "defn": 0, "exp": [20, 40], "money": [32, 128], "effects": []}, "no one in particular": {"name": "no one in particular", "nameColor": "\u001b[1;33;40m", "base_hp": 128, "hp": 128, "base_atk": [10, 15], "atk": 10, "base_defn": 25, "defn": 25, "exp": [15, 32], "money": [128, 250], "effects": []}, "joe hawley": {"name": "Joe Hawley", "nameColor": "\u001b[1;31;40m", "base_hp": 140, "hp": 140, "base_atk": [35, 45], "atk": 35, "base_defn": 30, "defn": 30, "exp": [16, 24], "money": [57, 57], "effects": []}, "driver d.": {"name": "Driver D.", "nameColor": "\u001b[0;45;40m", "base_hp": 128, "hp": 128, "base_atk": [64, 75], "atk": 64, "base_defn": 32, "defn": 32, "exp": [128, 256], "money": [32, 64], "effects": []}}
